,idDay,Going-out,Cooking,Eating,Bathing,Other,Sleeping,pred,timeLeft
0,10_2022年12月12日 20:06:42,0.25,0.0,0.5,0.5,4.416666666666667,7.0,1,5.666666666666668
