,idDay,Going-out,Cooking,Eating,Bathing,Other,Sleeping,pred,timeLeft
0,10_2022年12月12日 20:06:42,0.25,0.0,1.0,0.6666666666666666,3.75,8.0,1,5.666666666666668
